timestamp,accel_x,accel_y,accel_z,gyro_x,gyro_y,gyro_z,mag_x,mag_y,mag_z,sensor_type,activity_type,activity_code,subject_id,notes,recording_id
1631881920082,-1.0273438,0.026367188,-0.072265625,-3.15625,-2.96875,2.9375,0.0,0.0,0.0,Thingy,Walking at normal speed,1,s1234567,,Thingy_s1234567_Walking at normal speed_17-09-2021_13-32-12
1631881920112,-1.0390625,0.028320312,-0.07324219,2.59375,-2.28125,0.3125,0.0,0.0,0.0,Thingy,Walking at normal speed,1,s1234567,,Thingy_s1234567_Walking at normal speed_17-09-2021_13-32-12
1631881920172,-1.0244141,0.06347656,-0.052734375,5.59375,-0.625,-2.375,0.0,0.0,0.0,Thingy,Walking at normal speed,1,s1234567,,Thingy_s1234567_Walking at normal speed_17-09-2021_13-32-12
1631881920202,-1.0039062,0.083984375,-0.059570312,4.125,-0.09375,-2.4375,0.0,0.0,0.0,Thingy,Walking at normal speed,1,s1234567,,Thingy_s1234567_Walking at normal speed_17-09-2021_13-32-12
1631881920232,-1.0058594,0.08886719,-0.057617188,-2.40625,-1.125,-0.59375,0.0,0.0,0.0,Thingy,Walking at normal speed,1,s1234567,,Thingy_s1234567_Walking at normal speed_17-09-2021_13-32-12
1631881920293,-1.0302734,0.083984375,-0.06347656,-6.5,-2.59375,1.03125,0.0,0.0,0.0,Thingy,Walking at normal speed,1,s1234567,,Thingy_s1234567_Walking at normal speed_17-09-2021_13-32-12
1631881920322,-1.0292969,0.09082031,-0.06542969,-6.25,-3.4375,0.375,0.0,0.0,0.0,Thingy,Walking at normal speed,1,s1234567,,Thingy_s1234567_Walking at normal speed_17-09-2021_13-32-12
1631881920382,-1.0126953,0.115234375,-0.0546875,-6.75,-2.53125,-3.15625,-78.4375,-57.875,-149.75,Thingy,Walking at normal speed,1,s1234567,,Thingy_s1234567_Walking at normal speed_17-09-2021_13-32-12
1631881920413,-0.9941405999999999,0.1015625,-0.05859375,-8.28125,-2.03125,-5.0625,0.0,0.0,0.0,Thingy,Walking at normal speed,1,s1234567,,Thingy_s1234567_Walking at normal speed_17-09-2021_13-32-12
1631881920442,-1.0009766,0.09667969,-0.049804688,-9.125,-1.84375,-6.46875,0.0,0.0,0.0,Thingy,Walking at normal speed,1,s1234567,,Thingy_s1234567_Walking at normal speed_17-09-2021_13-32-12
1631881920473,-0.99902344,0.12597656,-0.057617188,-9.78125,-1.5625,-8.0,0.0,0.0,0.0,Thingy,Walking at normal speed,1,s1234567,,Thingy_s1234567_Walking at normal speed_17-09-2021_13-32-12
1631881920533,-0.9736328000000002,0.11425781,-0.068359375,-14.4375,1.1875,-9.40625,0.0,0.0,0.0,Thingy,Walking at normal speed,1,s1234567,,Thingy_s1234567_Walking at normal speed_17-09-2021_13-32-12
1631881920562,-0.92285156,0.07519531,-0.09863281,-23.28125,3.625,-9.28125,0.0,0.0,0.0,Thingy,Walking at normal speed,1,s1234567,,Thingy_s1234567_Walking at normal speed_17-09-2021_13-32-12
1631881920593,-0.90234375,-0.016601562,-0.10058594,-30.65625,7.96875,-2.375,0.0,0.0,0.0,Thingy,Walking at normal speed,1,s1234567,,Thingy_s1234567_Walking at normal speed_17-09-2021_13-32-12
1631881920653,-1.0341797,-0.11816406,-0.123046875,-17.0,18.28125,6.59375,0.0,0.0,0.0,Thingy,Walking at normal speed,1,s1234567,,Thingy_s1234567_Walking at normal speed_17-09-2021_13-32-12
1631881920682,-1.1640625,-0.009765625,-0.09277344,-3.25,17.5625,0.5,0.0,0.0,0.0,Thingy,Walking at normal speed,1,s1234567,,Thingy_s1234567_Walking at normal speed_17-09-2021_13-32-12
1631881920745,-1.1152343999999998,0.09375,0.030273438,-34.4375,3.21875,-10.84375,0.0,0.0,0.0,Thingy,Walking at normal speed,1,s1234567,,Thingy_s1234567_Walking at normal speed_17-09-2021_13-32-12
1631881920773,-1.0302734,0.087890625,-0.044921875,-68.6875,-0.15625,-15.8125,0.0,0.0,0.0,Thingy,Walking at normal speed,1,s1234567,,Thingy_s1234567_Walking at normal speed_17-09-2021_13-32-12
1631881920802,-0.9511719000000001,-0.041015625,-0.0859375,-71.875,-2.96875,-12.25,0.0,0.0,0.0,Thingy,Walking at normal speed,1,s1234567,,Thingy_s1234567_Walking at normal speed_17-09-2021_13-32-12
1631881920833,-0.94433594,-0.11230469,-0.06738281,-71.375,5.09375,-5.5,-77.375,-55.3125,-151.375,Thingy,Walking at normal speed,1,s1234567,,Thingy_s1234567_Walking at normal speed_17-09-2021_13-32-12
1631881920893,-0.9970703000000002,-0.123046875,-0.032226562,-60.625,13.03125,-1.9375,0.0,0.0,0.0,Thingy,Walking at normal speed,1,s1234567,,Thingy_s1234567_Walking at normal speed_17-09-2021_13-32-12
1631881920923,-0.9902344000000001,-0.080078125,-0.028320312,-51.65625,17.125,0.0,0.0,0.0,0.0,Thingy,Walking at normal speed,1,s1234567,,Thingy_s1234567_Walking at normal speed_17-09-2021_13-32-12
1631881920953,-1.0097656,-0.022460938,-0.057617188,-51.53125,20.46875,0.875,0.0,0.0,0.0,Thingy,Walking at normal speed,1,s1234567,,Thingy_s1234567_Walking at normal speed_17-09-2021_13-32-12
1631881921013,-1.0292969,-0.00390625,-0.09765625,-59.84375,19.875,1.96875,0.0,0.0,0.0,Thingy,Walking at normal speed,1,s1234567,,Thingy_s1234567_Walking at normal speed_17-09-2021_13-32-12
1631881921043,-1.0585938,-0.029296875,-0.078125,-71.3125,17.3125,2.8125,0.0,0.0,0.0,Thingy,Walking at normal speed,1,s1234567,,Thingy_s1234567_Walking at normal speed_17-09-2021_13-32-12
1631881921073,-1.0302734,-0.0703125,-0.08203125,-77.90625,11.15625,0.90625,0.0,0.0,0.0,Thingy,Walking at normal speed,1,s1234567,,Thingy_s1234567_Walking at normal speed_17-09-2021_13-32-12
1631881921133,-0.99316406,-0.16601562,-0.064453125,-82.375,4.25,-1.46875,0.0,0.0,0.0,Thingy,Walking at normal speed,1,s1234567,,Thingy_s1234567_Walking at normal speed_17-09-2021_13-32-12
1631881921163,-0.9873046999999998,-0.18066406,-0.06640625,-74.0,1.875,-4.21875,0.0,0.0,0.0,Thingy,Walking at normal speed,1,s1234567,,Thingy_s1234567_Walking at normal speed_17-09-2021_13-32-12
1631881921195,-0.9638671999999998,-0.18261719,-0.013671875,-67.46875,-0.75,-7.0625,0.0,0.0,0.0,Thingy,Walking at normal speed,1,s1234567,,Thingy_s1234567_Walking at normal speed_17-09-2021_13-32-12
1631881921254,-1.0097656,-0.17285156,0.056640625,-56.125,-1.5,-9.03125,0.0,0.0,0.0,Thingy,Walking at normal speed,1,s1234567,,Thingy_s1234567_Walking at normal speed_17-09-2021_13-32-12
1631881921283,-1.1875,-0.18261719,0.08105469,-49.09375,-3.75,-9.75,0.0,0.0,0.0,Thingy,Walking at normal speed,1,s1234567,,Thingy_s1234567_Walking at normal speed_17-09-2021_13-32-12
1631881921313,-1.4492188,-0.24316406,-0.06347656,-35.5625,-24.5,-20.625,0.0,0.0,0.0,Thingy,Walking at normal speed,1,s1234567,,Thingy_s1234567_Walking at normal speed_17-09-2021_13-32-12
1631881921373,-1.2871093999999998,0.12402344,-0.080078125,-20.40625,-42.75,-35.9375,-75.3125,-43.1875,-152.875,Thingy,Walking at normal speed,1,s1234567,,Thingy_s1234567_Walking at normal speed_17-09-2021_13-32-12
1631881921403,-0.98535156,0.34472656,-0.048828125,-5.71875,-69.96875,-41.6875,0.0,0.0,0.0,Thingy,Walking at normal speed,1,s1234567,,Thingy_s1234567_Walking at normal speed_17-09-2021_13-32-12
1631881921463,-0.94628906,0.50878906,0.04296875,-59.53125,-111.59375,-40.09375,0.0,0.0,0.0,Thingy,Walking at normal speed,1,s1234567,,Thingy_s1234567_Walking at normal speed_17-09-2021_13-32-12
1631881921523,-1.1386718999999998,0.41699220000000004,0.119140625,-129.4375,-81.3125,-8.34375,0.0,0.0,0.0,Thingy,Walking at normal speed,1,s1234567,,Thingy_s1234567_Walking at normal speed_17-09-2021_13-32-12
1631881921553,-1.0234375,-0.07910156,0.032226562,-78.15625,-91.53125,16.25,0.0,0.0,0.0,Thingy,Walking at normal speed,1,s1234567,,Thingy_s1234567_Walking at normal speed_17-09-2021_13-32-12
1631881921584,-0.99316406,-0.28125,0.08300781,-13.34375,-129.375,-13.65625,0.0,0.0,0.0,Thingy,Walking at normal speed,1,s1234567,,Thingy_s1234567_Walking at normal speed_17-09-2021_13-32-12
1631881921615,-0.90234375,-0.13867188,0.24609375,11.5625,-129.1875,-22.5625,0.0,0.0,0.0,Thingy,Walking at normal speed,1,s1234567,,Thingy_s1234567_Walking at normal speed_17-09-2021_13-32-12
1631881921643,-0.69921875,-0.11425781,0.41015625,-5.09375,-138.53125,-31.25,0.0,0.0,0.0,Thingy,Walking at normal speed,1,s1234567,,Thingy_s1234567_Walking at normal speed_17-09-2021_13-32-12
1631881921673,-0.56152344,-0.1171875,0.35253906,43.125,-5.21875,17.8125,0.0,0.0,0.0,Thingy,Walking at normal speed,1,s1234567,,Thingy_s1234567_Walking at normal speed_17-09-2021_13-32-12
1631881921794,-0.55859375,-0.07421875,0.38964844,27.1875,38.1875,26.0625,0.0,0.0,0.0,Thingy,Walking at normal speed,1,s1234567,,Thingy_s1234567_Walking at normal speed_17-09-2021_13-32-12
1631881921824,-0.52441406,-0.09765625,0.45410156,5.40625,73.03125,17.28125,0.0,0.0,0.0,Thingy,Walking at normal speed,1,s1234567,,Thingy_s1234567_Walking at normal speed_17-09-2021_13-32-12
1631881921853,-1.1015625,-0.10644531,0.7128906,-5.53125,40.125,8.5,0.0,0.0,0.0,Thingy,Walking at normal speed,1,s1234567,,Thingy_s1234567_Walking at normal speed_17-09-2021_13-32-12
1631881921883,-1.6982422,0.27929688,0.7167969,-53.1875,36.46875,1.59375,-80.6875,-40.3125,-141.8125,Thingy,Walking at normal speed,1,s1234567,,Thingy_s1234567_Walking at normal speed_17-09-2021_13-32-12
1631881921913,-0.78515625,0.051757812,0.41699220000000004,38.1875,-87.0625,-33.5625,0.0,0.0,0.0,Thingy,Walking at normal speed,1,s1234567,,Thingy_s1234567_Walking at normal speed_17-09-2021_13-32-12
1631881921973,-0.45117188,-0.14550781,0.82714844,35.0625,-23.53125,-18.71875,0.0,0.0,0.0,Thingy,Walking at normal speed,1,s1234567,,Thingy_s1234567_Walking at normal speed_17-09-2021_13-32-12
1631881922003,-1.5292968999999998,-0.12597656,0.31054688,-1.625,47.21875,24.46875,0.0,0.0,0.0,Thingy,Walking at normal speed,1,s1234567,,Thingy_s1234567_Walking at normal speed_17-09-2021_13-32-12
1631881922033,-1.0322266,0.28222656,-0.3203125,-92.875,70.28125,-2.0,0.0,0.0,0.0,Thingy,Walking at normal speed,1,s1234567,,Thingy_s1234567_Walking at normal speed_17-09-2021_13-32-12
1631881922063,-0.7529296999999999,0.06347656,0.009765625,20.71875,39.71875,-1.59375,0.0,0.0,0.0,Thingy,Walking at normal speed,1,s1234567,,Thingy_s1234567_Walking at normal speed_17-09-2021_13-32-12
1631881922122,-1.0605468999999998,-0.45996094,-0.08300781,-3.75,70.78125,10.6875,0.0,0.0,0.0,Thingy,Walking at normal speed,1,s1234567,,Thingy_s1234567_Walking at normal speed_17-09-2021_13-32-12
1631881922183,-0.9921875,0.36914062,-0.0107421875,-54.71875,99.9375,39.75,0.0,0.0,0.0,Thingy,Walking at normal speed,1,s1234567,,Thingy_s1234567_Walking at normal speed_17-09-2021_13-32-12
1631881922214,-0.9785155999999999,0.4091797,0.19335938,-73.46875,48.25,37.0,0.0,0.0,0.0,Thingy,Walking at normal speed,1,s1234567,,Thingy_s1234567_Walking at normal speed_17-09-2021_13-32-12
1631881922243,-0.81152344,-0.2763672,-0.016601562,-52.8125,26.53125,22.28125,0.0,0.0,0.0,Thingy,Walking at normal speed,1,s1234567,,Thingy_s1234567_Walking at normal speed_17-09-2021_13-32-12
1631881922273,-0.83691406,0.00390625,-0.05078125,-43.125,43.0625,21.71875,0.0,0.0,0.0,Thingy,Walking at normal speed,1,s1234567,,Thingy_s1234567_Walking at normal speed_17-09-2021_13-32-12
1631881922303,-1.0351562,-0.091796875,-0.029296875,-35.1875,53.25,29.4375,0.0,0.0,0.0,Thingy,Walking at normal speed,1,s1234567,,Thingy_s1234567_Walking at normal speed_17-09-2021_13-32-12
1631881922333,-0.96875,-0.15625,0.15625,-27.6875,57.15625,31.75,0.0,0.0,0.0,Thingy,Walking at normal speed,1,s1234567,,Thingy_s1234567_Walking at normal speed_17-09-2021_13-32-12
1631881922363,-0.96875,-0.14941406,0.115234375,-7.59375,52.78125,29.78125,-80.6875,-31.3125,-148.6875,Thingy,Walking at normal speed,1,s1234567,,Thingy_s1234567_Walking at normal speed_17-09-2021_13-32-12
1631881922393,-0.98046875,-0.08105469,-0.0390625,-9.125,43.1875,17.21875,0.0,0.0,0.0,Thingy,Walking at normal speed,1,s1234567,,Thingy_s1234567_Walking at normal speed_17-09-2021_13-32-12
1631881922483,-1.1894531000000002,0.048828125,0.0048828125,-3.09375,19.4375,15.8125,0.0,0.0,0.0,Thingy,Walking at normal speed,1,s1234567,,Thingy_s1234567_Walking at normal speed_17-09-2021_13-32-12
1631881922513,-1.1767578,-0.055664062,0.046875,-21.03125,-23.09375,3.71875,0.0,0.0,0.0,Thingy,Walking at normal speed,1,s1234567,,Thingy_s1234567_Walking at normal speed_17-09-2021_13-32-12
1631881922544,-1.3544922,-0.25683594,0.111328125,-42.5625,-23.21875,-10.0625,0.0,0.0,0.0,Thingy,Walking at normal speed,1,s1234567,,Thingy_s1234567_Walking at normal speed_17-09-2021_13-32-12
1631881922574,-1.3632812,-0.3671875,-0.049804688,-14.6875,-26.28125,-25.15625,0.0,0.0,0.0,Thingy,Walking at normal speed,1,s1234567,,Thingy_s1234567_Walking at normal speed_17-09-2021_13-32-12
1631881922603,-1.1933593999999998,-0.080078125,-0.115234375,40.1875,-43.4375,-41.25,0.0,0.0,0.0,Thingy,Walking at normal speed,1,s1234567,,Thingy_s1234567_Walking at normal speed_17-09-2021_13-32-12
1631881922662,-0.94628906,0.3857422,-0.12988281,86.46875,-70.78125,-38.25,0.0,0.0,0.0,Thingy,Walking at normal speed,1,s1234567,,Thingy_s1234567_Walking at normal speed_17-09-2021_13-32-12
1631881922693,-1.1269531000000002,0.7314453000000001,-0.0029296875,2.46875,-95.375,-21.125,0.0,0.0,0.0,Thingy,Walking at normal speed,1,s1234567,,Thingy_s1234567_Walking at normal speed_17-09-2021_13-32-12
1631881922722,-1.1367188,0.33203125,-0.009765625,-68.21875,-89.5,-13.96875,0.0,0.0,0.0,Thingy,Walking at normal speed,1,s1234567,,Thingy_s1234567_Walking at normal speed_17-09-2021_13-32-12
1631881922753,-1.1474608999999998,-0.26464844,0.1015625,-31.84375,-76.375,-30.15625,0.0,0.0,0.0,Thingy,Walking at normal speed,1,s1234567,,Thingy_s1234567_Walking at normal speed_17-09-2021_13-32-12
1631881922813,-0.9892578000000002,-0.45898438,0.16992188,20.1875,-117.9375,-69.5,0.0,0.0,0.0,Thingy,Walking at normal speed,1,s1234567,,Thingy_s1234567_Walking at normal speed_17-09-2021_13-32-12
1631881922844,-0.6972656,-0.12207031,0.026367188,102.15625,-52.9375,-31.5,-88.1875,-39.125,-129.1875,Thingy,Walking at normal speed,1,s1234567,,Thingy_s1234567_Walking at normal speed_17-09-2021_13-32-12
1631881922873,-0.6191406,0.19238281,0.12402344,100.125,-67.96875,-22.625,0.0,0.0,0.0,Thingy,Walking at normal speed,1,s1234567,,Thingy_s1234567_Walking at normal speed_17-09-2021_13-32-12
1631881922933,-0.5253906,0.10058594,0.44628906,58.125,-24.625,-21.0625,0.0,0.0,0.0,Thingy,Walking at normal speed,1,s1234567,,Thingy_s1234567_Walking at normal speed_17-09-2021_13-32-12
1631881922993,-0.5214844,-0.12890625,0.40234375,10.71875,71.1875,9.59375,0.0,0.0,0.0,Thingy,Walking at normal speed,1,s1234567,,Thingy_s1234567_Walking at normal speed_17-09-2021_13-32-12
1631881923024,-0.84277344,-0.21582031,0.3779297,10.46875,61.4375,25.34375,0.0,0.0,0.0,Thingy,Walking at normal speed,1,s1234567,,Thingy_s1234567_Walking at normal speed_17-09-2021_13-32-12
1631881923054,-1.4667968999999998,-0.1015625,0.53222656,41.90625,40.0625,-5.5,0.0,0.0,0.0,Thingy,Walking at normal speed,1,s1234567,,Thingy_s1234567_Walking at normal speed_17-09-2021_13-32-12
1631881923083,-1.2626953,0.25585938,0.578125,27.8125,-31.21875,-27.34375,0.0,0.0,0.0,Thingy,Walking at normal speed,1,s1234567,,Thingy_s1234567_Walking at normal speed_17-09-2021_13-32-12
1631881923113,-0.66503906,-0.034179688,0.5058594,57.09375,-66.625,-35.75,0.0,0.0,0.0,Thingy,Walking at normal speed,1,s1234567,,Thingy_s1234567_Walking at normal speed_17-09-2021_13-32-12
1631881923203,-0.71875,-0.12792969,0.5859375,45.1875,-7.90625,-7.875,0.0,0.0,0.0,Thingy,Walking at normal speed,1,s1234567,,Thingy_s1234567_Walking at normal speed_17-09-2021_13-32-12
1631881923234,-1.6816406000000004,-0.055664062,0.3515625,6.625,86.59375,6.84375,0.0,0.0,0.0,Thingy,Walking at normal speed,1,s1234567,,Thingy_s1234567_Walking at normal speed_17-09-2021_13-32-12
1631881923265,-1.4160156000000002,0.08203125,-0.36035156,-9.1875,38.1875,-1.46875,0.0,0.0,0.0,Thingy,Walking at normal speed,1,s1234567,,Thingy_s1234567_Walking at normal speed_17-09-2021_13-32-12
1631881923293,-0.28125,-0.12988281,0.025390625,19.5,3.40625,-31.6875,0.0,0.0,0.0,Thingy,Walking at normal speed,1,s1234567,,Thingy_s1234567_Walking at normal speed_17-09-2021_13-32-12
1631881923323,-0.85546875,-0.48828125,-0.265625,33.34375,65.28125,13.4375,0.0,0.0,0.0,Thingy,Walking at normal speed,1,s1234567,,Thingy_s1234567_Walking at normal speed_17-09-2021_13-32-12
1631881923353,-1.3300781000000002,0.07421875,-0.13574219,50.5,65.84375,4.59375,-81.875,-42.25,-128.4375,Thingy,Walking at normal speed,1,s1234567,,Thingy_s1234567_Walking at normal speed_17-09-2021_13-32-12
1631881923454,-1.0136719,0.40234375,0.3466797,25.4375,27.3125,-0.53125,0.0,0.0,0.0,Thingy,Walking at normal speed,1,s1234567,,Thingy_s1234567_Walking at normal speed_17-09-2021_13-32-12
1631881923475,-0.82910156,-0.10449219,0.051757812,-4.3125,45.25,-1.75,0.0,0.0,0.0,Thingy,Walking at normal speed,1,s1234567,,Thingy_s1234567_Walking at normal speed_17-09-2021_13-32-12
1631881923503,-0.8046875,0.099609375,-0.095703125,22.5625,41.59375,18.5625,0.0,0.0,0.0,Thingy,Walking at normal speed,1,s1234567,,Thingy_s1234567_Walking at normal speed_17-09-2021_13-32-12
1631881923540,-1.0380859,-0.055664062,0.022460938,-12.53125,55.875,31.875,0.0,0.0,0.0,Thingy,Walking at normal speed,1,s1234567,,Thingy_s1234567_Walking at normal speed_17-09-2021_13-32-12
1631881923569,-0.9951171999999998,-0.1640625,0.083984375,-13.59375,59.25,27.40625,0.0,0.0,0.0,Thingy,Walking at normal speed,1,s1234567,,Thingy_s1234567_Walking at normal speed_17-09-2021_13-32-12
1631881923595,-0.9746094000000001,-0.30273438,0.036132812,3.09375,59.96875,16.1875,0.0,0.0,0.0,Thingy,Walking at normal speed,1,s1234567,,Thingy_s1234567_Walking at normal speed_17-09-2021_13-32-12
1631881923653,-0.98339844,-0.051757812,-0.0068359375,-2.53125,56.4375,10.8125,0.0,0.0,0.0,Thingy,Walking at normal speed,1,s1234567,,Thingy_s1234567_Walking at normal speed_17-09-2021_13-32-12
1631881923714,-1.1259766000000002,0.056640625,-0.0126953125,-0.34375,17.375,12.46875,0.0,0.0,0.0,Thingy,Walking at normal speed,1,s1234567,,Thingy_s1234567_Walking at normal speed_17-09-2021_13-32-12
1631881923745,-1.3076172,-0.021484375,0.111328125,-14.875,-17.53125,4.65625,0.0,0.0,0.0,Thingy,Walking at normal speed,1,s1234567,,Thingy_s1234567_Walking at normal speed_17-09-2021_13-32-12
1631881923773,-1.2216797,-0.41503906,0.20605469,-47.34375,-26.875,-3.15625,0.0,0.0,0.0,Thingy,Walking at normal speed,1,s1234567,,Thingy_s1234567_Walking at normal speed_17-09-2021_13-32-12
1631881923803,-1.3300781000000002,-0.41308594,0.07519531,-0.625,-31.28125,-23.4375,0.0,0.0,0.0,Thingy,Walking at normal speed,1,s1234567,,Thingy_s1234567_Walking at normal speed_17-09-2021_13-32-12
1631881923833,-1.0605468999999998,-0.3642578,-0.17871094,55.6875,-52.59375,-42.09375,-75.75,-38.1875,-132.5,Thingy,Walking at normal speed,1,s1234567,,Thingy_s1234567_Walking at normal speed_17-09-2021_13-32-12
1631881923894,-0.9169921999999998,0.39746094,-0.10546875,77.0625,-99.75,-40.40625,0.0,0.0,0.0,Thingy,Walking at normal speed,1,s1234567,,Thingy_s1234567_Walking at normal speed_17-09-2021_13-32-12
1631881923923,-1.4023438,0.7089844,0.034179688,-36.15625,-70.65625,-19.65625,0.0,0.0,0.0,Thingy,Walking at normal speed,1,s1234567,,Thingy_s1234567_Walking at normal speed_17-09-2021_13-32-12
1631881923953,-1.2734375,0.3095703,0.11816406,-72.0,-116.25,-8.0,0.0,0.0,0.0,Thingy,Walking at normal speed,1,s1234567,,Thingy_s1234567_Walking at normal speed_17-09-2021_13-32-12
1631881924013,-1.1328125,-0.48046875,0.20898438,21.15625,-129.84375,-38.6875,0.0,0.0,0.0,Thingy,Walking at normal speed,1,s1234567,,Thingy_s1234567_Walking at normal speed_17-09-2021_13-32-12
1631881924043,-0.5810546999999999,-0.50390625,0.2939453,96.21875,-101.78125,-60.59375,0.0,0.0,0.0,Thingy,Walking at normal speed,1,s1234567,,Thingy_s1234567_Walking at normal speed_17-09-2021_13-32-12
1631881924073,-0.49902344,-0.25195312,0.025390625,125.875,10.46875,-51.375,0.0,0.0,0.0,Thingy,Walking at normal speed,1,s1234567,,Thingy_s1234567_Walking at normal speed_17-09-2021_13-32-12
1631881924133,-0.67578125,0.07519531,-0.03125,129.375,-1.375,-15.9375,0.0,0.0,0.0,Thingy,Walking at normal speed,1,s1234567,,Thingy_s1234567_Walking at normal speed_17-09-2021_13-32-12
1631881924163,-0.6640625,0.30566406,0.296875,23.46875,-13.03125,-5.0625,0.0,0.0,0.0,Thingy,Walking at normal speed,1,s1234567,,Thingy_s1234567_Walking at normal speed_17-09-2021_13-32-12
1631881924223,-0.58984375,0.025390625,0.46679688,-2.28125,72.375,-17.28125,0.0,0.0,0.0,Thingy,Walking at normal speed,1,s1234567,,Thingy_s1234567_Walking at normal speed_17-09-2021_13-32-12
1631881924253,-1.1806641000000002,-0.22558594,0.46582029999999996,2.59375,77.375,2.9375,0.0,0.0,0.0,Thingy,Walking at normal speed,1,s1234567,,Thingy_s1234567_Walking at normal speed_17-09-2021_13-32-12
1631881924287,-1.2148438,-0.31933594,0.51953125,79.375,24.3125,-18.71875,0.0,0.0,0.0,Thingy,Walking at normal speed,1,s1234567,,Thingy_s1234567_Walking at normal speed_17-09-2021_13-32-12
1631881924313,-0.98046875,-0.17089844,0.5908203000000001,35.375,-59.09375,-40.21875,0.0,0.0,0.0,Thingy,Walking at normal speed,1,s1234567,,Thingy_s1234567_Walking at normal speed_17-09-2021_13-32-12
1631881924373,-0.7128906,-0.038085938,0.38183594,58.9375,-15.78125,-31.125,-83.375,-44.0625,-130.125,Thingy,Walking at normal speed,1,s1234567,,Thingy_s1234567_Walking at normal speed_17-09-2021_13-32-12
1631881924403,-1.3564453,0.0546875,0.70214844,68.8125,6.8125,-5.0,0.0,0.0,0.0,Thingy,Walking at normal speed,1,s1234567,,Thingy_s1234567_Walking at normal speed_17-09-2021_13-32-12
1631881924433,-1.8330078,-0.17382812,-0.3935547,-37.8125,104.96875,-12.9375,0.0,0.0,0.0,Thingy,Walking at normal speed,1,s1234567,,Thingy_s1234567_Walking at normal speed_17-09-2021_13-32-12
1631881924523,-0.17089844,0.28027344,0.091796875,28.71875,-48.625,-24.65625,0.0,0.0,0.0,Thingy,Walking at normal speed,1,s1234567,,Thingy_s1234567_Walking at normal speed_17-09-2021_13-32-12
1631881924554,-0.5517578000000001,-0.45410156,-0.11035156,31.34375,48.75,25.75,0.0,0.0,0.0,Thingy,Walking at normal speed,1,s1234567,,Thingy_s1234567_Walking at normal speed_17-09-2021_13-32-12
1631881924583,-1.5117188,-0.328125,-0.29882812,45.5,75.53125,14.15625,0.0,0.0,0.0,Thingy,Walking at normal speed,1,s1234567,,Thingy_s1234567_Walking at normal speed_17-09-2021_13-32-12
1631881924613,-1.15625,0.45898438,0.10644531,40.25,55.625,-2.875,0.0,0.0,0.0,Thingy,Walking at normal speed,1,s1234567,,Thingy_s1234567_Walking at normal speed_17-09-2021_13-32-12
1631881924642,-0.8222655999999999,-0.15234375,0.35742188,13.9375,36.09375,-3.0,0.0,0.0,0.0,Thingy,Walking at normal speed,1,s1234567,,Thingy_s1234567_Walking at normal speed_17-09-2021_13-32-12
1631881924673,-0.7636719,-0.11425781,-0.119140625,28.65625,51.25,10.3125,0.0,0.0,0.0,Thingy,Walking at normal speed,1,s1234567,,Thingy_s1234567_Walking at normal speed_17-09-2021_13-32-12
1631881924703,-0.9375,-0.051757812,0.059570312,37.3125,44.65625,25.21875,0.0,0.0,0.0,Thingy,Walking at normal speed,1,s1234567,,Thingy_s1234567_Walking at normal speed_17-09-2021_13-32-12
1631881924763,-1.046875,-0.10449219,0.0068359375,8.03125,55.09375,26.90625,0.0,0.0,0.0,Thingy,Walking at normal speed,1,s1234567,,Thingy_s1234567_Walking at normal speed_17-09-2021_13-32-12
1631881924823,-0.97265625,-0.12109375,0.20605469,5.15625,56.6875,19.0,0.0,0.0,0.0,Thingy,Walking at normal speed,1,s1234567,,Thingy_s1234567_Walking at normal speed_17-09-2021_13-32-12
1631881924853,-0.94140625,-0.23925781,0.107421875,5.15625,48.9375,14.09375,-88.5,-44.1875,-140.0,Thingy,Walking at normal speed,1,s1234567,,Thingy_s1234567_Walking at normal speed_17-09-2021_13-32-12
1631881924883,-1.0039062,-0.2548828,-0.12792969,4.90625,29.75,15.5,0.0,0.0,0.0,Thingy,Walking at normal speed,1,s1234567,,Thingy_s1234567_Walking at normal speed_17-09-2021_13-32-12
1631881924943,-1.3027343999999998,0.08886719,0.13867188,62.34375,23.96875,6.21875,0.0,0.0,0.0,Thingy,Walking at normal speed,1,s1234567,,Thingy_s1234567_Walking at normal speed_17-09-2021_13-32-12
1631881924973,-1.125,-0.029296875,0.16503906,-14.375,-31.9375,-0.78125,0.0,0.0,0.0,Thingy,Walking at normal speed,1,s1234567,,Thingy_s1234567_Walking at normal speed_17-09-2021_13-32-12
1631881925003,-1.3544922,-0.45214844,0.09667969,-31.84375,-36.96875,-14.9375,0.0,0.0,0.0,Thingy,Walking at normal speed,1,s1234567,,Thingy_s1234567_Walking at normal speed_17-09-2021_13-32-12
1631881925032,-1.2568358999999998,-0.5703125,-0.107421875,51.0625,-70.71875,-24.96875,0.0,0.0,0.0,Thingy,Walking at normal speed,1,s1234567,,Thingy_s1234567_Walking at normal speed_17-09-2021_13-32-12
1631881925063,-1.0898438,-0.15625,-0.12890625,104.65625,-85.59375,-34.28125,0.0,0.0,0.0,Thingy,Walking at normal speed,1,s1234567,,Thingy_s1234567_Walking at normal speed_17-09-2021_13-32-12
1631881925123,-0.9785155999999999,0.49804688,0.107421875,63.5625,-111.125,-35.8125,0.0,0.0,0.0,Thingy,Walking at normal speed,1,s1234567,,Thingy_s1234567_Walking at normal speed_17-09-2021_13-32-12
1631881925153,-1.2304688,0.2626953,0.11230469,-16.75,-63.6875,-31.5,0.0,0.0,0.0,Thingy,Walking at normal speed,1,s1234567,,Thingy_s1234567_Walking at normal speed_17-09-2021_13-32-12
1631881925182,-1.0332031,-0.34960938,0.044921875,97.6875,-88.28125,-32.71875,0.0,0.0,0.0,Thingy,Walking at normal speed,1,s1234567,,Thingy_s1234567_Walking at normal speed_17-09-2021_13-32-12
1631881925243,-0.8203125,-0.6230469,0.19726562,149.15625,-114.15625,-88.5,0.0,0.0,0.0,Thingy,Walking at normal speed,1,s1234567,,Thingy_s1234567_Walking at normal speed_17-09-2021_13-32-12
1631881925273,-0.6816406,-0.11425781,0.048828125,136.1875,15.78125,-48.40625,0.0,0.0,0.0,Thingy,Walking at normal speed,1,s1234567,,Thingy_s1234567_Walking at normal speed_17-09-2021_13-32-12
1631881925304,-0.97753906,0.015625,-0.15625,166.34375,50.28125,-45.84375,0.0,0.0,0.0,Thingy,Walking at normal speed,1,s1234567,,Thingy_s1234567_Walking at normal speed_17-09-2021_13-32-12
1631881925363,-0.7597656,0.18261719,0.22070312,148.46875,-6.5,-60.84375,-89.375,-55.9375,-119.75,Thingy,Walking at normal speed,1,s1234567,,Thingy_s1234567_Walking at normal speed_17-09-2021_13-32-12
1631881925394,-0.9472655999999999,-0.171875,0.3310547,104.40625,41.65625,-43.9375,0.0,0.0,0.0,Thingy,Walking at normal speed,1,s1234567,,Thingy_s1234567_Walking at normal speed_17-09-2021_13-32-12
1631881925453,-1.2871093999999998,-0.16210938,0.140625,108.96875,51.0,-39.5,0.0,0.0,0.0,Thingy,Walking at normal speed,1,s1234567,,Thingy_s1234567_Walking at normal speed_17-09-2021_13-32-12
1631881925483,-1.0439453,-0.15039062,0.45117188,207.5,1.5,-57.125,0.0,0.0,0.0,Thingy,Walking at normal speed,1,s1234567,,Thingy_s1234567_Walking at normal speed_17-09-2021_13-32-12
1631881925513,-0.57714844,-0.28515625,0.20117188,176.78125,-25.84375,-54.6875,0.0,0.0,0.0,Thingy,Walking at normal speed,1,s1234567,,Thingy_s1234567_Walking at normal speed_17-09-2021_13-32-12
1631881925548,-0.74316406,0.13085938,-0.076171875,93.59375,38.90625,-15.0625,0.0,0.0,0.0,Thingy,Walking at normal speed,1,s1234567,,Thingy_s1234567_Walking at normal speed_17-09-2021_13-32-12
1631881925603,-1.2177733999999998,0.3125,-0.203125,102.375,72.59375,12.53125,0.0,0.0,0.0,Thingy,Walking at normal speed,1,s1234567,,Thingy_s1234567_Walking at normal speed_17-09-2021_13-32-12
1631881925634,-1.4902343999999998,-0.08886719,0.022460938,247.28125,-45.0,-4.9375,0.0,0.0,0.0,Thingy,Walking at normal speed,1,s1234567,,Thingy_s1234567_Walking at normal speed_17-09-2021_13-32-12
1631881925664,-1.0458984,-0.64160156,0.043945312,182.71875,37.03125,-65.78125,0.0,0.0,0.0,Thingy,Walking at normal speed,1,s1234567,,Thingy_s1234567_Walking at normal speed_17-09-2021_13-32-12
1631881925723,-0.9814453000000002,-0.26171875,-0.24804688,137.25,48.1875,-46.6875,0.0,0.0,0.0,Thingy,Walking at normal speed,1,s1234567,,Thingy_s1234567_Walking at normal speed_17-09-2021_13-32-12
1631881925754,-1.1523438,-0.13964844,0.022460938,107.03125,59.65625,-39.3125,0.0,0.0,0.0,Thingy,Walking at normal speed,1,s1234567,,Thingy_s1234567_Walking at normal speed_17-09-2021_13-32-12
1631881925783,-1.0693358999999998,-0.01171875,0.10644531,136.03125,56.25,-35.75,0.0,0.0,0.0,Thingy,Walking at normal speed,1,s1234567,,Thingy_s1234567_Walking at normal speed_17-09-2021_13-32-12
1631881925845,-0.89746094,-0.12792969,-0.10546875,153.53125,39.65625,-17.21875,-85.625,-52.4375,-115.6875,Thingy,Walking at normal speed,1,s1234567,,Thingy_s1234567_Walking at normal speed_17-09-2021_13-32-12
1631881925872,-0.8671875,-0.0390625,-0.11230469,108.75,39.9375,-2.0,0.0,0.0,0.0,Thingy,Walking at normal speed,1,s1234567,,Thingy_s1234567_Walking at normal speed_17-09-2021_13-32-12
1631881925903,-0.9638671999999998,-0.076171875,-0.05859375,73.625,42.75,7.15625,0.0,0.0,0.0,Thingy,Walking at normal speed,1,s1234567,,Thingy_s1234567_Walking at normal speed_17-09-2021_13-32-12
1631881925963,-0.9873046999999998,-0.16015625,0.01171875,43.125,41.21875,12.875,0.0,0.0,0.0,Thingy,Walking at normal speed,1,s1234567,,Thingy_s1234567_Walking at normal speed_17-09-2021_13-32-12
1631881925993,-1.0332031,-0.1796875,-0.028320312,43.5625,34.15625,18.0,0.0,0.0,0.0,Thingy,Walking at normal speed,1,s1234567,,Thingy_s1234567_Walking at normal speed_17-09-2021_13-32-12
1631881926023,-0.9863280999999999,-0.2578125,0.072265625,48.25,22.96875,14.65625,0.0,0.0,0.0,Thingy,Walking at normal speed,1,s1234567,,Thingy_s1234567_Walking at normal speed_17-09-2021_13-32-12
1631881926083,-1.0605468999999998,-0.13867188,0.052734375,52.34375,15.34375,12.625,0.0,0.0,0.0,Thingy,Walking at normal speed,1,s1234567,,Thingy_s1234567_Walking at normal speed_17-09-2021_13-32-12
1631881926113,-1.2695312,-0.045898438,0.1640625,36.96875,-0.34375,15.8125,0.0,0.0,0.0,Thingy,Walking at normal speed,1,s1234567,,Thingy_s1234567_Walking at normal speed_17-09-2021_13-32-12
1631881926176,-1.515625,-0.16894531,-0.03125,15.84375,-42.375,5.75,0.0,0.0,0.0,Thingy,Walking at normal speed,1,s1234567,,Thingy_s1234567_Walking at normal speed_17-09-2021_13-32-12
1631881926203,-1.0927733999999998,-0.064453125,-0.06347656,31.71875,-73.5625,-30.5,0.0,0.0,0.0,Thingy,Walking at normal speed,1,s1234567,,Thingy_s1234567_Walking at normal speed_17-09-2021_13-32-12
1631881926234,-0.80859375,0.23925781,0.00390625,20.25,-87.0625,-45.96875,0.0,0.0,0.0,Thingy,Walking at normal speed,1,s1234567,,Thingy_s1234567_Walking at normal speed_17-09-2021_13-32-12
1631881926263,-1.2724608999999998,0.21386719,0.15332031,16.9375,-72.53125,-41.9375,0.0,0.0,0.0,Thingy,Walking at normal speed,1,s1234567,,Thingy_s1234567_Walking at normal speed_17-09-2021_13-32-12
1631881926322,-1.1289062,-0.013671875,0.1484375,93.0,-83.65625,-43.34375,0.0,0.0,0.0,Thingy,Walking at normal speed,1,s1234567,,Thingy_s1234567_Walking at normal speed_17-09-2021_13-32-12
1631881926353,-0.9550780999999999,-0.30371094,0.17578125,118.5625,-94.5,-39.4375,-79.1875,-52.0,-111.5,Thingy,Walking at normal speed,1,s1234567,,Thingy_s1234567_Walking at normal speed_17-09-2021_13-32-12
1631881926382,-0.7763671999999999,-0.25585938,0.11425781,115.875,-40.875,-34.53125,0.0,0.0,0.0,Thingy,Walking at normal speed,1,s1234567,,Thingy_s1234567_Walking at normal speed_17-09-2021_13-32-12
1631881926443,-1.0439453,-0.18066406,-0.15722656,120.5625,47.9375,-58.15625,0.0,0.0,0.0,Thingy,Walking at normal speed,1,s1234567,,Thingy_s1234567_Walking at normal speed_17-09-2021_13-32-12
1631881926473,-0.98535156,0.06347656,0.03125,119.28125,-84.875,-52.125,0.0,0.0,0.0,Thingy,Walking at normal speed,1,s1234567,,Thingy_s1234567_Walking at normal speed_17-09-2021_13-32-12
1631881926503,-0.70996094,0.25976562,0.5439453000000001,116.96875,-62.90625,-71.09375,0.0,0.0,0.0,Thingy,Walking at normal speed,1,s1234567,,Thingy_s1234567_Walking at normal speed_17-09-2021_13-32-12
1631881926563,-0.6455078000000001,0.028320312,0.31640625,71.75,17.1875,-41.6875,0.0,0.0,0.0,Thingy,Walking at normal speed,1,s1234567,,Thingy_s1234567_Walking at normal speed_17-09-2021_13-32-12
1631881926593,-0.671875,-0.0078125,0.2607422,43.90625,35.4375,-21.96875,0.0,0.0,0.0,Thingy,Walking at normal speed,1,s1234567,,Thingy_s1234567_Walking at normal speed_17-09-2021_13-32-12
1631881926623,-0.88183594,-0.11328125,0.37695312,26.59375,51.5625,-4.6875,0.0,0.0,0.0,Thingy,Walking at normal speed,1,s1234567,,Thingy_s1234567_Walking at normal speed_17-09-2021_13-32-12
1631881926683,-1.3554688,-0.45019529999999996,0.48339844,64.4375,19.25,-10.25,0.0,0.0,0.0,Thingy,Walking at normal speed,1,s1234567,,Thingy_s1234567_Walking at normal speed_17-09-2021_13-32-12
1631881926713,-1.0322266,-0.2265625,0.51660156,85.90625,-52.8125,-50.96875,0.0,0.0,0.0,Thingy,Walking at normal speed,1,s1234567,,Thingy_s1234567_Walking at normal speed_17-09-2021_13-32-12
1631881926744,-0.43847656,0.032226562,0.64453125,35.90625,-18.28125,-39.53125,0.0,0.0,0.0,Thingy,Walking at normal speed,1,s1234567,,Thingy_s1234567_Walking at normal speed_17-09-2021_13-32-12
1631881926803,-1.4384766000000002,-0.15234375,0.6191406,0.53125,54.53125,17.78125,0.0,0.0,0.0,Thingy,Walking at normal speed,1,s1234567,,Thingy_s1234567_Walking at normal speed_17-09-2021_13-32-12
1631881926833,-2.0,-0.18652344,-0.36132812,0.40625,78.65625,6.78125,-73.0625,-47.0625,-113.3125,Thingy,Walking at normal speed,1,s1234567,,Thingy_s1234567_Walking at normal speed_17-09-2021_13-32-12
1631881926863,-0.46582029999999996,0.27148438,-0.059570312,79.5625,-23.21875,-49.75,0.0,0.0,0.0,Thingy,Walking at normal speed,1,s1234567,,Thingy_s1234567_Walking at normal speed_17-09-2021_13-32-12
1631881926923,-0.34765625,0.068359375,0.036132812,-11.25,67.1875,-20.0,0.0,0.0,0.0,Thingy,Walking at normal speed,1,s1234567,,Thingy_s1234567_Walking at normal speed_17-09-2021_13-32-12
1631881926953,-1.2832031000000002,0.23242188,-0.16992188,-59.28125,66.75,61.53125,0.0,0.0,0.0,Thingy,Walking at normal speed,1,s1234567,,Thingy_s1234567_Walking at normal speed_17-09-2021_13-32-12
1631881926983,-1.4150391000000002,0.12207031,-0.16015625,-100.5,51.65625,36.75,0.0,0.0,0.0,Thingy,Walking at normal speed,1,s1234567,,Thingy_s1234567_Walking at normal speed_17-09-2021_13-32-12
1631881927043,-0.8017578000000001,-0.21191406,0.13476562,-32.5625,-11.6875,9.84375,0.0,0.0,0.0,Thingy,Walking at normal speed,1,s1234567,,Thingy_s1234567_Walking at normal speed_17-09-2021_13-32-12
1631881927073,-0.78222656,-0.17773438,0.0546875,-16.03125,60.28125,-11.34375,0.0,0.0,0.0,Thingy,Walking at normal speed,1,s1234567,,Thingy_s1234567_Walking at normal speed_17-09-2021_13-32-12
1631881927103,-1.0371094,-0.1328125,-0.0009765625,-21.5625,49.15625,2.5625,0.0,0.0,0.0,Thingy,Walking at normal speed,1,s1234567,,Thingy_s1234567_Walking at normal speed_17-09-2021_13-32-12
1631881927223,-1.015625,-0.11035156,-0.0234375,-27.875,45.625,16.1875,0.0,0.0,0.0,Thingy,Walking at normal speed,1,s1234567,,Thingy_s1234567_Walking at normal speed_17-09-2021_13-32-12
1631881927253,-0.9482421999999998,-0.15527344,0.044921875,-18.9375,46.53125,25.875,0.0,0.0,0.0,Thingy,Walking at normal speed,1,s1234567,,Thingy_s1234567_Walking at normal speed_17-09-2021_13-32-12
1631881927283,-0.91796875,-0.10058594,0.17480469,-9.71875,50.375,18.0625,0.0,0.0,0.0,Thingy,Walking at normal speed,1,s1234567,,Thingy_s1234567_Walking at normal speed_17-09-2021_13-32-12
1631881927313,-0.93359375,-0.0546875,0.0078125,-38.71875,40.3125,19.84375,0.0,0.0,0.0,Thingy,Walking at normal speed,1,s1234567,,Thingy_s1234567_Walking at normal speed_17-09-2021_13-32-12
1631881927344,-1.1074218999999998,-0.28710938,-0.06542969,-19.6875,17.375,22.46875,0.0,0.0,0.0,Thingy,Walking at normal speed,1,s1234567,,Thingy_s1234567_Walking at normal speed_17-09-2021_13-32-12
1631881927373,-1.1523438,-0.15820312,0.018554688,-27.625,2.46875,4.53125,-78.3125,-48.25,-122.4375,Thingy,Walking at normal speed,1,s1234567,,Thingy_s1234567_Walking at normal speed_17-09-2021_13-32-12
1631881927403,-1.2060547,-0.22460938,0.11328125,-36.65625,-9.25,-10.8125,0.0,0.0,0.0,Thingy,Walking at normal speed,1,s1234567,,Thingy_s1234567_Walking at normal speed_17-09-2021_13-32-12
1631881927433,-1.4765625,-0.36816406,-0.015625,-26.15625,-8.5,-14.09375,0.0,0.0,0.0,Thingy,Walking at normal speed,1,s1234567,,Thingy_s1234567_Walking at normal speed_17-09-2021_13-32-12
1631881927463,-1.2207031000000002,-0.31835938,-0.0126953125,7.71875,-33.15625,-19.34375,0.0,0.0,0.0,Thingy,Walking at normal speed,1,s1234567,,Thingy_s1234567_Walking at normal speed_17-09-2021_13-32-12
1631881927523,-1.1103516000000002,0.01171875,-0.053710938,33.65625,-58.125,-33.375,0.0,0.0,0.0,Thingy,Walking at normal speed,1,s1234567,,Thingy_s1234567_Walking at normal speed_17-09-2021_13-32-12
1631881927553,-0.7734375,0.5410156,-0.045898438,33.65625,-91.21875,-28.9375,0.0,0.0,0.0,Thingy,Walking at normal speed,1,s1234567,,Thingy_s1234567_Walking at normal speed_17-09-2021_13-32-12
1631881927583,-1.1025391000000002,0.47851562,0.018554688,-69.90625,-92.0,-20.125,0.0,0.0,0.0,Thingy,Walking at normal speed,1,s1234567,,Thingy_s1234567_Walking at normal speed_17-09-2021_13-32-12
1631881927652,-1.2138672,0.01171875,0.016601562,-86.34375,-116.1875,-12.9375,0.0,0.0,0.0,Thingy,Walking at normal speed,1,s1234567,,Thingy_s1234567_Walking at normal speed_17-09-2021_13-32-12
1631881927705,-1.2275391000000002,-0.5449219,0.24414062,24.625,-107.03125,-11.90625,0.0,0.0,0.0,Thingy,Walking at normal speed,1,s1234567,,Thingy_s1234567_Walking at normal speed_17-09-2021_13-32-12
1631881927733,-0.6933594,-0.34765625,0.27246094,72.0,-86.03125,-24.15625,0.0,0.0,0.0,Thingy,Walking at normal speed,1,s1234567,,Thingy_s1234567_Walking at normal speed_17-09-2021_13-32-12
1631881927764,-0.7421875,-0.25585938,-0.016601562,110.125,6.3125,-39.59375,0.0,0.0,0.0,Thingy,Walking at normal speed,1,s1234567,,Thingy_s1234567_Walking at normal speed_17-09-2021_13-32-12
1631881927793,-0.60546875,0.1171875,0.111328125,96.53125,-63.1875,-18.5625,0.0,0.0,0.0,Thingy,Walking at normal speed,1,s1234567,,Thingy_s1234567_Walking at normal speed_17-09-2021_13-32-12
1631881927822,-0.5185547,0.22753906,0.48242188,29.21875,38.5625,-21.96875,-72.875,-53.375,-107.875,Thingy,Walking at normal speed,1,s1234567,,Thingy_s1234567_Walking at normal speed_17-09-2021_13-32-12
1631881927915,-0.50878906,-0.056640625,0.38964844,-27.5,81.75,-0.65625,0.0,0.0,0.0,Thingy,Walking at normal speed,1,s1234567,,Thingy_s1234567_Walking at normal speed_17-09-2021_13-32-12
1631881927945,-0.99902344,-0.15429688,0.46582029999999996,-17.1875,88.84375,27.09375,0.0,0.0,0.0,Thingy,Walking at normal speed,1,s1234567,,Thingy_s1234567_Walking at normal speed_17-09-2021_13-32-12
1631881927973,-1.6044922,-0.32617188,0.34375,30.65625,33.3125,-7.3125,0.0,0.0,0.0,Thingy,Walking at normal speed,1,s1234567,,Thingy_s1234567_Walking at normal speed_17-09-2021_13-32-12
1631881928003,-1.2177733999999998,0.018554688,0.6035156,27.125,-59.84375,-49.0,0.0,0.0,0.0,Thingy,Walking at normal speed,1,s1234567,,Thingy_s1234567_Walking at normal speed_17-09-2021_13-32-12
1631881928038,-0.34472656,-0.12402344,0.8330078000000002,11.25,-55.8125,-33.1875,0.0,0.0,0.0,Thingy,Walking at normal speed,1,s1234567,,Thingy_s1234567_Walking at normal speed_17-09-2021_13-32-12
1631881928063,-1.7021484,-0.2998047,0.2529297,25.4375,52.84375,24.3125,0.0,0.0,0.0,Thingy,Walking at normal speed,1,s1234567,,Thingy_s1234567_Walking at normal speed_17-09-2021_13-32-12
1631881928122,-1.1855468999999998,0.021484375,-0.3671875,-9.0625,30.1875,-17.21875,0.0,0.0,0.0,Thingy,Walking at normal speed,1,s1234567,,Thingy_s1234567_Walking at normal speed_17-09-2021_13-32-12
1631881928154,-0.30371094,0.25390625,0.17480469,8.75,10.71875,-37.03125,0.0,0.0,0.0,Thingy,Walking at normal speed,1,s1234567,,Thingy_s1234567_Walking at normal speed_17-09-2021_13-32-12
1631881928185,-0.8408203000000002,-0.31152344,-0.052734375,-42.9375,87.875,0.5,0.0,0.0,0.0,Thingy,Walking at normal speed,1,s1234567,,Thingy_s1234567_Walking at normal speed_17-09-2021_13-32-12
1631881928243,-1.5693358999999998,0.4296875,-0.22265625,-68.03125,96.21875,64.75,0.0,0.0,0.0,Thingy,Walking at normal speed,1,s1234567,,Thingy_s1234567_Walking at normal speed_17-09-2021_13-32-12
1631881928273,-1.0419922,0.33984375,0.017578125,-93.65625,28.53125,29.65625,0.0,0.0,0.0,Thingy,Walking at normal speed,1,s1234567,,Thingy_s1234567_Walking at normal speed_17-09-2021_13-32-12
1631881928303,-0.79589844,-0.46972656,-0.06640625,-77.90625,19.75,24.53125,0.0,0.0,0.0,Thingy,Walking at normal speed,1,s1234567,,Thingy_s1234567_Walking at normal speed_17-09-2021_13-32-12
1631881928363,-0.79785156,-0.08496094,-0.13574219,-28.53125,44.28125,15.875,-80.875,-54.4375,-112.125,Thingy,Walking at normal speed,1,s1234567,,Thingy_s1234567_Walking at normal speed_17-09-2021_13-32-12
1631881928423,-1.0302734,-0.043945312,-0.078125,-44.78125,61.3125,25.53125,0.0,0.0,0.0,Thingy,Walking at normal speed,1,s1234567,,Thingy_s1234567_Walking at normal speed_17-09-2021_13-32-12
1631881928453,-0.9707030999999999,-0.05859375,0.057617188,-69.59375,54.65625,37.65625,0.0,0.0,0.0,Thingy,Walking at normal speed,1,s1234567,,Thingy_s1234567_Walking at normal speed_17-09-2021_13-32-12
1631881928483,-1.0537108999999998,-0.2734375,0.1328125,-61.5625,48.6875,32.65625,0.0,0.0,0.0,Thingy,Walking at normal speed,1,s1234567,,Thingy_s1234567_Walking at normal speed_17-09-2021_13-32-12
1631881928514,-1.03125,-0.041015625,-0.0126953125,-47.5,38.78125,21.1875,0.0,0.0,0.0,Thingy,Walking at normal speed,1,s1234567,,Thingy_s1234567_Walking at normal speed_17-09-2021_13-32-12
1631881928543,-1.0253906,-0.22753906,0.043945312,-78.28125,4.0,13.96875,0.0,0.0,0.0,Thingy,Walking at normal speed,1,s1234567,,Thingy_s1234567_Walking at normal speed_17-09-2021_13-32-12
1631881928603,-1.0380859,-0.37597656,-0.037109375,-68.15625,-26.53125,-3.46875,0.0,0.0,0.0,Thingy,Walking at normal speed,1,s1234567,,Thingy_s1234567_Walking at normal speed_17-09-2021_13-32-12
1631881928633,-0.88378906,-0.28125,0.02734375,-66.6875,-22.1875,-34.125,0.0,0.0,0.0,Thingy,Walking at normal speed,1,s1234567,,Thingy_s1234567_Walking at normal speed_17-09-2021_13-32-12
1631881928663,-1.3632812,-0.16308594,0.13574219,-61.4375,-1.4375,-49.125,0.0,0.0,0.0,Thingy,Walking at normal speed,1,s1234567,,Thingy_s1234567_Walking at normal speed_17-09-2021_13-32-12
1631881928723,-1.4140625,-0.03515625,-0.06738281,-47.5,-42.4375,-55.78125,0.0,0.0,0.0,Thingy,Walking at normal speed,1,s1234567,,Thingy_s1234567_Walking at normal speed_17-09-2021_13-32-12
1631881928753,-1.2539062,0.14746094,-0.01953125,-40.0,-88.21875,-62.75,0.0,0.0,0.0,Thingy,Walking at normal speed,1,s1234567,,Thingy_s1234567_Walking at normal speed_17-09-2021_13-32-12
1631881928783,-1.2255858999999998,0.5361328000000001,0.22265625,-133.9375,-103.78125,-35.59375,0.0,0.0,0.0,Thingy,Walking at normal speed,1,s1234567,,Thingy_s1234567_Walking at normal speed_17-09-2021_13-32-12
1631881928843,-1.2363281000000002,0.41796875,0.07324219,-147.0625,-99.03125,11.125,-80.875,-68.375,-109.6875,Thingy,Walking at normal speed,1,s1234567,,Thingy_s1234567_Walking at normal speed_17-09-2021_13-32-12
1631881928873,-0.9892578000000002,-0.17773438,0.22265625,-49.84375,-121.59375,36.6875,0.0,0.0,0.0,Thingy,Walking at normal speed,1,s1234567,,Thingy_s1234567_Walking at normal speed_17-09-2021_13-32-12
1631881928903,-0.8300780999999999,-0.31835938,0.1796875,-15.40625,-127.09375,9.71875,0.0,0.0,0.0,Thingy,Walking at normal speed,1,s1234567,,Thingy_s1234567_Walking at normal speed_17-09-2021_13-32-12
1631881928963,-0.6933594,-0.2939453,0.13867188,-10.40625,-99.15625,-15.8125,0.0,0.0,0.0,Thingy,Walking at normal speed,1,s1234567,,Thingy_s1234567_Walking at normal speed_17-09-2021_13-32-12
1631881928993,-0.7392578000000001,-0.16699219,0.27539062,17.0,-33.21875,11.125,0.0,0.0,0.0,Thingy,Walking at normal speed,1,s1234567,,Thingy_s1234567_Walking at normal speed_17-09-2021_13-32-12
1631881929025,-0.48632812,-0.051757812,0.36328125,24.1875,27.6875,15.75,0.0,0.0,0.0,Thingy,Walking at normal speed,1,s1234567,,Thingy_s1234567_Walking at normal speed_17-09-2021_13-32-12
1631881929083,-0.45605470000000004,-0.109375,0.46484375,-8.09375,72.125,23.9375,0.0,0.0,0.0,Thingy,Walking at normal speed,1,s1234567,,Thingy_s1234567_Walking at normal speed_17-09-2021_13-32-12
1631881929144,-0.86035156,-0.11328125,0.5205078,-30.84375,85.3125,43.21875,0.0,0.0,0.0,Thingy,Walking at normal speed,1,s1234567,,Thingy_s1234567_Walking at normal speed_17-09-2021_13-32-12
1631881929173,-1.5820312,-0.31640625,0.5732421999999999,20.1875,21.875,1.28125,0.0,0.0,0.0,Thingy,Walking at normal speed,1,s1234567,,Thingy_s1234567_Walking at normal speed_17-09-2021_13-32-12
1631881929203,-1.2099608999999998,-0.017578125,0.7373046999999999,8.9375,-67.65625,-60.0625,0.0,0.0,0.0,Thingy,Walking at normal speed,1,s1234567,,Thingy_s1234567_Walking at normal speed_17-09-2021_13-32-12
1631881929233,-0.33984375,0.055664062,0.6113281,26.9375,-50.9375,-21.65625,0.0,0.0,0.0,Thingy,Walking at normal speed,1,s1234567,,Thingy_s1234567_Walking at normal speed_17-09-2021_13-32-12
1631881929263,-0.92578125,0.055664062,0.5253906,53.625,-5.59375,18.25,0.0,0.0,0.0,Thingy,Walking at normal speed,1,s1234567,,Thingy_s1234567_Walking at normal speed_17-09-2021_13-32-12
1631881929324,-1.5546875,-0.001953125,0.10839844,-18.8125,64.65625,40.46875,0.0,0.0,0.0,Thingy,Walking at normal speed,1,s1234567,,Thingy_s1234567_Walking at normal speed_17-09-2021_13-32-12
1631881929353,-1.2822266000000002,0.2763672,-0.13769531,-45.1875,21.625,10.5,-71.125,-67.625,-107.125,Thingy,Walking at normal speed,1,s1234567,,Thingy_s1234567_Walking at normal speed_17-09-2021_13-32-12
1631881929383,-0.51660156,-0.43359375,-0.21289062,-34.28125,33.3125,-35.59375,0.0,0.0,0.0,Thingy,Walking at normal speed,1,s1234567,,Thingy_s1234567_Walking at normal speed_17-09-2021_13-32-12
1631881929445,-0.8251953000000002,-0.47265625,-0.10253906,-21.5625,64.125,29.0625,0.0,0.0,0.0,Thingy,Walking at normal speed,1,s1234567,,Thingy_s1234567_Walking at normal speed_17-09-2021_13-32-12
1631881929503,-1.3085938,0.36914062,-0.091796875,-41.53125,73.71875,45.84375,0.0,0.0,0.0,Thingy,Walking at normal speed,1,s1234567,,Thingy_s1234567_Walking at normal speed_17-09-2021_13-32-12
1631881929533,-0.9765625,0.046875,0.072265625,3.375,17.5,20.6875,0.0,0.0,0.0,Thingy,Walking at normal speed,1,s1234567,,Thingy_s1234567_Walking at normal speed_17-09-2021_13-32-12
1631881929563,-0.8720703000000002,-0.28125,0.076171875,-57.78125,39.34375,4.40625,0.0,0.0,0.0,Thingy,Walking at normal speed,1,s1234567,,Thingy_s1234567_Walking at normal speed_17-09-2021_13-32-12
1631881929595,-0.8808594000000001,0.09667969,-0.009765625,-28.84375,33.53125,11.96875,0.0,0.0,0.0,Thingy,Walking at normal speed,1,s1234567,,Thingy_s1234567_Walking at normal speed_17-09-2021_13-32-12
1631881929653,-1.0537108999999998,-0.13769531,0.10546875,-35.125,33.40625,26.96875,0.0,0.0,0.0,Thingy,Walking at normal speed,1,s1234567,,Thingy_s1234567_Walking at normal speed_17-09-2021_13-32-12
1631881929683,-0.98339844,-0.24023438,0.09765625,-30.65625,41.46875,32.84375,0.0,0.0,0.0,Thingy,Walking at normal speed,1,s1234567,,Thingy_s1234567_Walking at normal speed_17-09-2021_13-32-12
1631881929713,-0.8925780999999999,-0.20214844,0.1015625,-5.9375,51.375,29.59375,0.0,0.0,0.0,Thingy,Walking at normal speed,1,s1234567,,Thingy_s1234567_Walking at normal speed_17-09-2021_13-32-12
1631881929749,-0.92089844,-0.041992188,0.12695312,-2.09375,52.84375,24.84375,0.0,0.0,0.0,Thingy,Walking at normal speed,1,s1234567,,Thingy_s1234567_Walking at normal speed_17-09-2021_13-32-12
1631881929803,-1.0576172,-0.047851562,-0.001953125,-3.8125,35.4375,16.96875,0.0,0.0,0.0,Thingy,Walking at normal speed,1,s1234567,,Thingy_s1234567_Walking at normal speed_17-09-2021_13-32-12
1631881929833,-1.1855468999999998,-0.23925781,0.017578125,-27.0625,8.21875,5.9375,-77.125,-67.4375,-118.5625,Thingy,Walking at normal speed,1,s1234567,,Thingy_s1234567_Walking at normal speed_17-09-2021_13-32-12
1631881929863,-1.0791016000000002,-0.20117188,0.015625,-35.3125,-23.34375,-7.25,0.0,0.0,0.0,Thingy,Walking at normal speed,1,s1234567,,Thingy_s1234567_Walking at normal speed_17-09-2021_13-32-12
1631881929923,-1.2373047,-0.30078125,0.021484375,-34.75,-19.4375,-27.21875,0.0,0.0,0.0,Thingy,Walking at normal speed,1,s1234567,,Thingy_s1234567_Walking at normal speed_17-09-2021_13-32-12
1631881929953,-1.2958983999999998,-0.28027344,-0.005859375,-21.6875,-14.1875,-32.84375,0.0,0.0,0.0,Thingy,Walking at normal speed,1,s1234567,,Thingy_s1234567_Walking at normal speed_17-09-2021_13-32-12
1631881929983,-1.1572266000000002,-0.022460938,-0.07324219,18.34375,-44.03125,-32.84375,0.0,0.0,0.0,Thingy,Walking at normal speed,1,s1234567,,Thingy_s1234567_Walking at normal speed_17-09-2021_13-32-12
1631881930045,-0.92578125,0.18261719,-0.064453125,36.21875,-63.3125,-32.34375,0.0,0.0,0.0,Thingy,Walking at normal speed,1,s1234567,,Thingy_s1234567_Walking at normal speed_17-09-2021_13-32-12
1631881930073,-0.9121094000000001,0.47753906,0.1171875,-3.5,-101.34375,-26.84375,0.0,0.0,0.0,Thingy,Walking at normal speed,1,s1234567,,Thingy_s1234567_Walking at normal speed_17-09-2021_13-32-12
1631881930102,-1.21875,0.17285156,0.08691406,-92.375,-74.96875,-16.09375,0.0,0.0,0.0,Thingy,Walking at normal speed,1,s1234567,,Thingy_s1234567_Walking at normal speed_17-09-2021_13-32-12
1631881930164,-1.1894531000000002,-0.16894531,0.087890625,-61.0,-116.40625,-0.1875,0.0,0.0,0.0,Thingy,Walking at normal speed,1,s1234567,,Thingy_s1234567_Walking at normal speed_17-09-2021_13-32-12
1631881930194,-0.9560546999999998,-0.359375,0.22949219,43.78125,-99.28125,-10.3125,0.0,0.0,0.0,Thingy,Walking at normal speed,1,s1234567,,Thingy_s1234567_Walking at normal speed_17-09-2021_13-32-12
1631881930224,-0.7050781,-0.13964844,0.11328125,42.8125,-21.4375,-12.25,0.0,0.0,0.0,Thingy,Walking at normal speed,1,s1234567,,Thingy_s1234567_Walking at normal speed_17-09-2021_13-32-12
1631881930283,-0.8359375,-0.040039062,0.12402344,71.1875,-12.71875,-28.375,0.0,0.0,0.0,Thingy,Walking at normal speed,1,s1234567,,Thingy_s1234567_Walking at normal speed_17-09-2021_13-32-12
1631881930313,-0.7011719,0.13867188,0.3046875,53.8125,3.09375,-21.25,0.0,0.0,0.0,Thingy,Walking at normal speed,1,s1234567,,Thingy_s1234567_Walking at normal speed_17-09-2021_13-32-12
1631881930343,-0.65527344,-0.0107421875,0.3798828,-2.46875,59.90625,-2.0,-72.125,-68.8125,-110.3125,Thingy,Walking at normal speed,1,s1234567,,Thingy_s1234567_Walking at normal speed_17-09-2021_13-32-12
1631881930403,-0.92871094,-0.16699219,0.3251953,-33.53125,70.28125,13.8125,0.0,0.0,0.0,Thingy,Walking at normal speed,1,s1234567,,Thingy_s1234567_Walking at normal speed_17-09-2021_13-32-12
1631881930433,-1.2275391000000002,-0.123046875,0.42675779999999996,51.84375,22.5,-6.15625,0.0,0.0,0.0,Thingy,Walking at normal speed,1,s1234567,,Thingy_s1234567_Walking at normal speed_17-09-2021_13-32-12
1631881930463,-0.9375,-0.25390625,0.49804688,-12.125,-17.71875,-31.71875,0.0,0.0,0.0,Thingy,Walking at normal speed,1,s1234567,,Thingy_s1234567_Walking at normal speed_17-09-2021_13-32-12
1631881930523,-0.7060546999999999,-0.046875,0.43847656,-55.03125,-34.4375,-9.8125,0.0,0.0,0.0,Thingy,Walking at normal speed,1,s1234567,,Thingy_s1234567_Walking at normal speed_17-09-2021_13-32-12
1631881930553,-1.1035156000000002,-0.123046875,0.21679688,42.8125,-2.90625,7.03125,0.0,0.0,0.0,Thingy,Walking at normal speed,1,s1234567,,Thingy_s1234567_Walking at normal speed_17-09-2021_13-32-12
1631881930583,-1.6210938,-0.123046875,0.09472656,18.59375,12.0,11.65625,0.0,0.0,0.0,Thingy,Walking at normal speed,1,s1234567,,Thingy_s1234567_Walking at normal speed_17-09-2021_13-32-12
1631881930643,-1.0136719,0.10058594,0.08496094,9.75,13.09375,-28.1875,0.0,0.0,0.0,Thingy,Walking at normal speed,1,s1234567,,Thingy_s1234567_Walking at normal speed_17-09-2021_13-32-12
1631881930673,-0.62109375,-0.07421875,0.072265625,-14.125,31.78125,-13.0,0.0,0.0,0.0,Thingy,Walking at normal speed,1,s1234567,,Thingy_s1234567_Walking at normal speed_17-09-2021_13-32-12
1631881930703,-0.9199219000000001,0.07324219,-0.041992188,-5.34375,25.65625,23.75,0.0,0.0,0.0,Thingy,Walking at normal speed,1,s1234567,,Thingy_s1234567_Walking at normal speed_17-09-2021_13-32-12
1631881930763,-1.2070312,0.17675781,-0.20898438,9.125,16.75,35.53125,0.0,0.0,0.0,Thingy,Walking at normal speed,1,s1234567,,Thingy_s1234567_Walking at normal speed_17-09-2021_13-32-12
1631881930793,-1.0332031,-0.25976562,0.19140625,-29.875,9.25,-2.5,0.0,0.0,0.0,Thingy,Walking at normal speed,1,s1234567,,Thingy_s1234567_Walking at normal speed_17-09-2021_13-32-12
1631881930823,-0.96484375,-0.21289062,0.07324219,-58.8125,24.75,-14.9375,-73.8125,-69.6875,-114.0625,Thingy,Walking at normal speed,1,s1234567,,Thingy_s1234567_Walking at normal speed_17-09-2021_13-32-12
1631881930883,-0.98339844,-0.15234375,0.036132812,-21.4375,18.40625,-2.875,0.0,0.0,0.0,Thingy,Walking at normal speed,1,s1234567,,Thingy_s1234567_Walking at normal speed_17-09-2021_13-32-12
1631881930913,-0.99121094,-0.1640625,0.040039062,-13.9375,5.96875,11.71875,0.0,0.0,0.0,Thingy,Walking at normal speed,1,s1234567,,Thingy_s1234567_Walking at normal speed_17-09-2021_13-32-12
1631881930944,-1.0644531000000002,-0.05859375,0.034179688,-23.28125,4.625,17.78125,0.0,0.0,0.0,Thingy,Walking at normal speed,1,s1234567,,Thingy_s1234567_Walking at normal speed_17-09-2021_13-32-12
1631881931003,-1.0322266,-0.10253906,0.041015625,-28.53125,8.03125,14.28125,0.0,0.0,0.0,Thingy,Walking at normal speed,1,s1234567,,Thingy_s1234567_Walking at normal speed_17-09-2021_13-32-12
1631881931033,-1.0048828,-0.08691406,0.12695312,-40.0,9.5625,9.46875,0.0,0.0,0.0,Thingy,Walking at normal speed,1,s1234567,,Thingy_s1234567_Walking at normal speed_17-09-2021_13-32-12
1631881931063,-1.0214844,-0.11328125,0.068359375,-44.65625,7.96875,14.28125,0.0,0.0,0.0,Thingy,Walking at normal speed,1,s1234567,,Thingy_s1234567_Walking at normal speed_17-09-2021_13-32-12
1631881931125,-1.0410156,-0.045898438,0.0859375,-54.40625,7.40625,21.25,0.0,0.0,0.0,Thingy,Walking at normal speed,1,s1234567,,Thingy_s1234567_Walking at normal speed_17-09-2021_13-32-12
1631881931184,-1.0673828,-0.21191406,-0.09277344,-64.25,4.25,25.15625,0.0,0.0,0.0,Thingy,Walking at normal speed,1,s1234567,,Thingy_s1234567_Walking at normal speed_17-09-2021_13-32-12
1631881931214,-0.9345703000000002,-0.009765625,0.05859375,-22.90625,4.90625,5.3125,0.0,0.0,0.0,Thingy,Walking at normal speed,1,s1234567,,Thingy_s1234567_Walking at normal speed_17-09-2021_13-32-12
1631881931244,-0.9375,0.068359375,0.09375,-44.03125,16.28125,6.34375,0.0,0.0,0.0,Thingy,Walking at normal speed,1,s1234567,,Thingy_s1234567_Walking at normal speed_17-09-2021_13-32-12
1631881931273,-1.0478516,-0.18164062,0.059570312,-40.5,7.46875,14.40625,0.0,0.0,0.0,Thingy,Walking at normal speed,1,s1234567,,Thingy_s1234567_Walking at normal speed_17-09-2021_13-32-12
1631881931302,-1.0595703,-0.14550781,0.10253906,-26.6875,0.65625,8.5,0.0,0.0,0.0,Thingy,Walking at normal speed,1,s1234567,,Thingy_s1234567_Walking at normal speed_17-09-2021_13-32-12
1631881931394,-1.0029297,-0.09277344,0.087890625,-7.65625,-5.28125,4.875,-76.5,-69.875,-122.4375,Thingy,Walking at normal speed,1,s1234567,,Thingy_s1234567_Walking at normal speed_17-09-2021_13-32-12
1631881931425,-0.9863280999999999,-0.0234375,0.072265625,-4.125,-0.9375,5.375,0.0,0.0,0.0,Thingy,Walking at normal speed,1,s1234567,,Thingy_s1234567_Walking at normal speed_17-09-2021_13-32-12
1631881931453,-1.0068359,-0.005859375,0.078125,-3.09375,0.09375,5.3125,0.0,0.0,0.0,Thingy,Walking at normal speed,1,s1234567,,Thingy_s1234567_Walking at normal speed_17-09-2021_13-32-12
1631881931483,-1.0234375,-0.0048828125,0.083984375,-11.5625,-1.125,1.84375,0.0,0.0,0.0,Thingy,Walking at normal speed,1,s1234567,,Thingy_s1234567_Walking at normal speed_17-09-2021_13-32-12
1631881931513,-1.0068359,-0.041992188,0.10644531,-12.78125,-2.21875,2.3125,0.0,0.0,0.0,Thingy,Walking at normal speed,1,s1234567,,Thingy_s1234567_Walking at normal speed_17-09-2021_13-32-12
1631881931543,-0.99121094,-0.0859375,0.078125,-11.75,-3.4375,4.03125,0.0,0.0,0.0,Thingy,Walking at normal speed,1,s1234567,,Thingy_s1234567_Walking at normal speed_17-09-2021_13-32-12
1631881931603,-0.9980469000000001,-0.0703125,0.068359375,-9.3125,-0.15625,2.3125,0.0,0.0,0.0,Thingy,Walking at normal speed,1,s1234567,,Thingy_s1234567_Walking at normal speed_17-09-2021_13-32-12
1631881931634,-1.0068359,-0.0546875,0.07519531,-6.5,3.40625,1.03125,0.0,0.0,0.0,Thingy,Walking at normal speed,1,s1234567,,Thingy_s1234567_Walking at normal speed_17-09-2021_13-32-12
1631881931663,-1.0224609,-0.06347656,0.083984375,-0.40625,3.5625,1.90625,0.0,0.0,0.0,Thingy,Walking at normal speed,1,s1234567,,Thingy_s1234567_Walking at normal speed_17-09-2021_13-32-12
1631881931724,-1.0078125,-0.057617188,0.06640625,-0.53125,1.625,1.59375,0.0,0.0,0.0,Thingy,Walking at normal speed,1,s1234567,,Thingy_s1234567_Walking at normal speed_17-09-2021_13-32-12
1631881931783,-1.0078125,-0.057617188,0.08691406,-1.375,2.34375,1.03125,0.0,0.0,0.0,Thingy,Walking at normal speed,1,s1234567,,Thingy_s1234567_Walking at normal speed_17-09-2021_13-32-12
1631881931813,-1.0068359,-0.0546875,0.07324219,-3.75,3.4375,1.78125,0.0,0.0,0.0,Thingy,Walking at normal speed,1,s1234567,,Thingy_s1234567_Walking at normal speed_17-09-2021_13-32-12
1631881931843,-1.0058594,-0.0859375,0.08203125,-1.375,3.4375,1.71875,-77.5625,-69.875,-124.5625,Thingy,Walking at normal speed,1,s1234567,,Thingy_s1234567_Walking at normal speed_17-09-2021_13-32-12
1631881931903,-1.0097656,-0.06542969,0.083984375,2.65625,4.1875,2.25,0.0,0.0,0.0,Thingy,Walking at normal speed,1,s1234567,,Thingy_s1234567_Walking at normal speed_17-09-2021_13-32-12
1631881931933,-1.0019531,-0.06347656,0.06347656,7.0,7.3125,4.03125,0.0,0.0,0.0,Thingy,Walking at normal speed,1,s1234567,,Thingy_s1234567_Walking at normal speed_17-09-2021_13-32-12
1631881931963,-1.0097656,-0.05859375,0.041015625,9.125,9.75,4.8125,0.0,0.0,0.0,Thingy,Walking at normal speed,1,s1234567,,Thingy_s1234567_Walking at normal speed_17-09-2021_13-32-12
1631881931995,-1.0097656,-0.051757812,0.032226562,9.96875,8.53125,4.59375,0.0,0.0,0.0,Thingy,Walking at normal speed,1,s1234567,,Thingy_s1234567_Walking at normal speed_17-09-2021_13-32-12
1631881932023,-1.0429688,-0.052734375,0.013671875,12.53125,5.53125,3.84375,0.0,0.0,0.0,Thingy,Walking at normal speed,1,s1234567,,Thingy_s1234567_Walking at normal speed_17-09-2021_13-32-12
1631881932083,-1.0380859,-0.03515625,0.0009765625,14.0,2.40625,0.5625,0.0,0.0,0.0,Thingy,Walking at normal speed,1,s1234567,,Thingy_s1234567_Walking at normal speed_17-09-2021_13-32-12
1631881932112,-1.0322266,-0.0048828125,0.020507812,9.625,0.65625,-3.59375,0.0,0.0,0.0,Thingy,Walking at normal speed,1,s1234567,,Thingy_s1234567_Walking at normal speed_17-09-2021_13-32-12
